sample_id,patient_name,dob,sex,enrollment_site,glucose_value,glucose_unit,notes
S0001,A. Nguyen,1962-07-09,F,siteB,145.9,mg/dL,
S0002,T. Patel,1974-12-16,Male,Site  C,146.1,mg/dL,
S0003,R. Martinez,1953-11-24,F,Site B,84.2,mg/dL,
S0004,A. Patel,1957-02-27,F,Site B,120.0,mg/dL,
S0005,B. Martinez,1997-12-02,Male,Site B,138.3,mg/dL,
S0006,R. Kim,1968-12-05,Female,Site  C,2881.1,mg/dL,
S0007,T. Martinez,1969-09-04,unknown,Site A,206.0,mg/dL,
S0008,K. Davis,1999-08-20,F,Site  C,229.3,mg/dL,
S0009,S. Davis,1995-07-19,m,Site C ,185.0,mg/dL,
S0010,A. Martinez,1951-10-01,f,Site C ,215.2,mg/dL,re-draw requested
S0011,B. Davis,1961-07-09,Male,SITE-A,2973.0,mg/dL,
S0012,T. Johnson,1996-06-07,,site_a,110.4,mg/dL,re-draw requested
S0013,A. Patel,1952-10-26,F,siteB,2032.5,mg/dL,
S0014,K. Kim,1958-09-12,f,Site B,144.0,mg/dL,
S0015,B. Patel,1998-02-11,Male,Site B,1855.9,mg/dL,
S0016,A. Davis,1958-05-15,,Site B,157.4,mg/dL,
S0017,K. Nguyen,2015-07-16,,site_a,123.4,mg/dL,
S0018,J. Smith,1957-03-10,F,siteB,82.2,mg/dL,
S0019,B. Kim,2000-09-16,m,site_a,190.6,mg/dL,
S0020,B. Smith,2000-07-05,F,siteB,108.4,mg/dL,
S0021,K. Davis,2004-11-16,m,Site  C,88.6,mg/dL,
S0022,M. Johnson,2006-11-25,,SITE-A,233.0,mg/dL,
S0023,S. Lee,1999-06-30,M,Site A,83.5,mg/dL,
S0024,S. Johnson,1953-07-31,Female,Site  C,114.9,mg/dL,
S0025,M. Lee,1965-11-19,M,site_a,202.6,mg/dL,
S0026,J. Garcia,1953-06-22,Female,site_a,3909.9,mg/dL,
S0027,T. Johnson,1956-03-24,f,Site  C,161.7,mg/dL,
S0028,S. Smith,1988-12-26,f,Site B,179.1,mg/dL,
S0029,M. Johnson,2009-08-04,f,Site  C,222.6,mg/dL,
S0030,M. Kim,1984-01-06,m,Site B,168.6,mg/dL,
S0031,K. Brown,1995-11-11,Male,Site  C,85.3,mg/dL,
S0032,J. SMITH,1992-08-17,unknown,Site B,229.5,mg/dL,
S0033,B. Kim,2012-06-07,M,siteB,114.9,mg/dL,
S0034,K. Martinez,1995-04-15,unknown,site_a,3673.9,mg/dL,
S0035,K. Patel,1956-12-13,Female,SITE-A,130.5,mg/dL,
S0036,T. Johnson,1987-04-21,,Site C ,145.6,mg/dL,
S0037,T. Kim,2015-11-28,unknown,site_a,2146.0,mg/dL,re-draw requested
S0038,K. Lee,1997-12-02,U,siteB,171.6,mg/dL,
S0039,R. Patel,1980-04-12,m,Site C ,4346.0,mg/dL,
S0040,R. Patel,2008-06-21,M,site_a,105.9,mg/dL,
S0041,K. Nguyen,1965-01-20,Male,SITE-A,89.5,mg/dL,
S0042,M. Garcia,2006-04-10,F,Site  C,209.0,mg/dL,
S0043,B. Davis,1951-02-19,unknown,Site A,148.0,mg/dL,
S0044,S. Martinez,1998-04-13,unknown,Site B,218.6,mg/dL,
S0045,K. Martinez,1984-01-01,M,Site B,223.2,mg/dL,
S0046,S. DAVIS,1967-02-21,Female,Site  C,143.2,mg/dL,
S0047,M. Kim,1977-06-21,unknown,siteB,2983.8,mg/dL,
S0048,M. Garcia,1978-04-23,Male,site_a,1962.2,mg/dL,
S0049,M. Nguyen,1966-02-05,M,Site  C,166.1,mg/dL,re-draw requested
S0050,K. Garcia,2001-07-02,unknown,Site B,149.3,mg/dL,
S0051,K. Garcia,2011-08-02,Male,site_a,216.0,mg/dL,
S0052,M. Davis,1989-09-20,U,SITE-A,172.4,mg/dL,
S0053,B. Lee,1999-07-10,Male,Site A,2585.6,mg/dL,
S0054,M. Nguyen,2006-01-28,U,Site A,168.0,mg/dL,
S0055,S. Brown,2011-10-14,U,SITE-A,2884.7,mg/dL,
S0056,A. Garcia,2010-06-30,m,siteB,77.2,mg/dL,
S0057,K. Garcia,1986-08-20,f,Site  C,88.8,mg/dL,
S0058,A. Brown,1972-08-23,F,Site C ,142.8,mg/dL,
S0059,K. Brown,1968-04-06,Male,SITE-A,2682.9,mg/dL,
S0060,A. Davis,1970-02-27,unknown,Site A,186.6,mg/dL,
