sample_id,patient_name,dob,sex,enrollment_site,glucose_value,glucose_unit,notes,glucose_flag
S0001,A. Nguyen,1962-07-09,Female,Site B,145.9,mg/dL,NA,FALSE
S0002,T. Patel,1974-12-16,Male,Site C,146.1,mg/dL,NA,FALSE
S0003,R. Martinez,2053-11-24,Female,Site B,84.2,mg/dL,NA,FALSE
S0004,A. Patel,1957-02-27,Female,Site B,120,mg/dL,NA,FALSE
S0005,B. Martinez,1997-12-02,Male,Site B,138.3,mg/dL,NA,FALSE
S0006,R. Kim,2068-05-19,Female,Site C,2881.1,mg/dL,NA,FALSE
S0007,T. Martinez,1969-09-04,Unknown,Site A,206,mg/dL,NA,FALSE
S0008,K. Davis,1999-08-20,Female,Site C,229.3,mg/dL,NA,FALSE
S0009,S. Davis,1995-07-19,Male,Site C,185,mg/dL,NA,FALSE
S0010,A. Martinez,1951-10-01,Female,Site C,215.2,mg/dL,re-draw requested,FALSE
S0011,B. Davis,2061-07-09,Male,Site A,2973,mg/dL,NA,FALSE
S0012,T. Johnson,1996-06-07,Unknown,Site A,110.4,mg/dL,re-draw requested,FALSE
S0013,A. Patel,1952-10-26,Female,Site B,2032.5,mg/dL,NA,FALSE
S0014,K. Kim,2058-09-12,Female,Site B,144,mg/dL,NA,FALSE
S0015,B. Patel,1998-02-11,Male,Site B,1855.9,mg/dL,NA,FALSE
S0016,A. Davis,1958-05-15,Unknown,Site B,157.4,mg/dL,NA,FALSE
S0017,K. Nguyen,2015-07-16,Unknown,Site A,123.4,mg/dL,NA,FALSE
S0018,J. Smith,1957-03-10,Female,Site B,82.2,mg/dL,NA,FALSE
S0019,B. Kim,2000-09-16,Male,Site A,190.6,mg/dL,NA,FALSE
S0020,B. Smith,2000-07-05,Female,Site B,108.4,mg/dL,NA,FALSE
S0021,K. Davis,2004-11-16,Male,Site C,88.6,mg/dL,NA,FALSE
S0022,M. Johnson,2006-11-25,Unknown,Site A,233,mg/dL,NA,FALSE
S0023,S. Lee,1999-06-30,Male,Site A,83.5,mg/dL,NA,FALSE
S0024,S. Johnson,1953-07-31,Female,Site C,114.9,mg/dL,NA,FALSE
S0025,M. Lee,2065-11-19,Male,Site A,202.6,mg/dL,NA,FALSE
S0026,J. Garcia,2053-06-22,Female,Site A,3909.9,mg/dL,NA,FALSE
S0027,T. Johnson,1956-03-24,Female,Site C,161.7,mg/dL,NA,FALSE
S0028,S. Smith,1988-12-26,Female,Site B,179.1,mg/dL,NA,FALSE
S0029,M. Johnson,2009-04-20,Female,Site C,222.6,mg/dL,NA,FALSE
S0030,M. Kim,1984-01-06,Male,Site B,168.6,mg/dL,NA,FALSE
S0031,K. Brown,1995-11-11,Male,Site C,85.3,mg/dL,NA,FALSE
S0032,J. SMITH,1992-08-17,Unknown,Site B,229.5,mg/dL,NA,FALSE
S0033,B. Kim,2012-06-07,Male,Site B,114.9,mg/dL,NA,FALSE
S0034,K. Martinez,1995-04-15,Unknown,Site A,3673.9,mg/dL,NA,FALSE
S0035,K. Patel,1956-12-13,Female,Site A,130.5,mg/dL,NA,FALSE
S0036,T. Johnson,1987-04-21,Unknown,Site C,145.6,mg/dL,NA,FALSE
S0037,T. Kim,2015-11-28,Unknown,Site A,2146,mg/dL,re-draw requested,FALSE
S0038,K. Lee,1997-12-02,Unknown,Site B,171.6,mg/dL,NA,FALSE
S0039,R. Patel,1980-04-12,Male,Site C,4346,mg/dL,NA,TRUE
S0040,R. Patel,2008-06-21,Male,Site A,105.9,mg/dL,NA,FALSE
S0041,K. Nguyen,1965-01-20,Male,Site A,89.5,mg/dL,NA,FALSE
S0042,M. Garcia,2006-04-10,Female,Site C,209,mg/dL,NA,TRUE
S0043,B. Davis,2051-02-19,Unknown,Site A,148,mg/dL,NA,FALSE
S0044,S. Martinez,1998-04-13,Unknown,Site B,218.6,mg/dL,NA,FALSE
S0045,K. Martinez,1984-01-19,Male,Site B,223.2,mg/dL,NA,FALSE
S0046,S. DAVIS,1967-02-21,Female,Site C,143.2,mg/dL,NA,FALSE
S0047,M. Kim,1977-06-21,Unknown,Site B,2983.8,mg/dL,NA,FALSE
S0048,M. Garcia,1978-04-23,Male,Site A,1962.2,mg/dL,NA,FALSE
S0049,M. Nguyen,2066-05-19,Male,Site C,166.1,mg/dL,re-draw requested,FALSE
S0050,K. Garcia,2001-02-20,Unknown,Site B,149.3,mg/dL,NA,FALSE
S0051,K. Garcia,2011-08-02,Male,Site A,216,mg/dL,NA,FALSE
S0052,M. Davis,1989-09-20,Unknown,Site A,172.4,mg/dL,NA,FALSE
S0053,B. Lee,1999-07-10,Male,Site A,2585.6,mg/dL,NA,FALSE
S0054,M. Nguyen,2006-01-28,Unknown,Site A,168,mg/dL,NA,FALSE
S0055,S. Brown,2011-10-14,Unknown,Site A,2884.7,mg/dL,NA,FALSE
S0056,A. Garcia,2010-06-30,Male,Site B,77.2,mg/dL,NA,FALSE
S0057,K. Garcia,1986-08-20,Female,Site C,88.8,mg/dL,NA,FALSE
S0058,A. Brown,1972-08-23,Female,Site C,142.8,mg/dL,NA,FALSE
S0059,K. Brown,2068-06-19,Male,Site A,2682.9,mg/dL,NA,FALSE
S0060,A. Davis,1970-02-27,Unknown,Site A,186.6,mg/dL,NA,FALSE
