sample_id,glucose_value,dob,sex,enrollment_site,glucose_unit,glucose_flag
S0001,145.9,1962-07-09,Female,Site B,mg/dL,FALSE
S0002,146.1,1974-12-16,Male,Site C,mg/dL,FALSE
S0003,84.2,2053-11-24,Female,Site B,mg/dL,FALSE
S0004,120,1957-02-27,Female,Site B,mg/dL,FALSE
S0005,138.3,1997-12-02,Male,Site B,mg/dL,FALSE
S0006,2881.1,2068-05-19,Female,Site C,mg/dL,FALSE
S0007,206,1969-09-04,Unknown,Site A,mg/dL,FALSE
S0008,229.3,1999-08-20,Female,Site C,mg/dL,FALSE
S0009,185,1995-07-19,Male,Site C,mg/dL,FALSE
S0010,215.2,1951-10-01,Female,Site C,mg/dL,FALSE
S0011,2973,2061-07-09,Male,Site A,mg/dL,FALSE
S0012,110.4,1996-06-07,Unknown,Site A,mg/dL,FALSE
S0013,2032.5,1952-10-26,Female,Site B,mg/dL,FALSE
S0014,144,2058-09-12,Female,Site B,mg/dL,FALSE
S0015,1855.9,1998-02-11,Male,Site B,mg/dL,FALSE
S0016,157.4,1958-05-15,Unknown,Site B,mg/dL,FALSE
S0017,123.4,2015-07-16,Unknown,Site A,mg/dL,FALSE
S0018,82.2,1957-03-10,Female,Site B,mg/dL,FALSE
S0019,190.6,2000-09-16,Male,Site A,mg/dL,FALSE
S0020,108.4,2000-07-05,Female,Site B,mg/dL,FALSE
S0021,88.6,2004-11-16,Male,Site C,mg/dL,FALSE
S0022,233,2006-11-25,Unknown,Site A,mg/dL,FALSE
S0023,83.5,1999-06-30,Male,Site A,mg/dL,FALSE
S0024,114.9,1953-07-31,Female,Site C,mg/dL,FALSE
S0025,202.6,2065-11-19,Male,Site A,mg/dL,FALSE
S0026,3909.9,2053-06-22,Female,Site A,mg/dL,FALSE
S0027,161.7,1956-03-24,Female,Site C,mg/dL,FALSE
S0028,179.1,1988-12-26,Female,Site B,mg/dL,FALSE
S0029,222.6,2009-04-20,Female,Site C,mg/dL,FALSE
S0030,168.6,1984-01-06,Male,Site B,mg/dL,FALSE
S0031,85.3,1995-11-11,Male,Site C,mg/dL,FALSE
S0032,229.5,1992-08-17,Unknown,Site B,mg/dL,FALSE
S0033,114.9,2012-06-07,Male,Site B,mg/dL,FALSE
S0034,3673.9,1995-04-15,Unknown,Site A,mg/dL,FALSE
S0035,130.5,1956-12-13,Female,Site A,mg/dL,FALSE
S0036,145.6,1987-04-21,Unknown,Site C,mg/dL,FALSE
S0037,2146,2015-11-28,Unknown,Site A,mg/dL,FALSE
S0038,171.6,1997-12-02,Unknown,Site B,mg/dL,FALSE
S0039,4346,1980-04-12,Male,Site C,mg/dL,TRUE
S0040,105.9,2008-06-21,Male,Site A,mg/dL,FALSE
S0041,89.5,1965-01-20,Male,Site A,mg/dL,FALSE
S0042,209,2006-04-10,Female,Site C,mg/dL,TRUE
S0043,148,2051-02-19,Unknown,Site A,mg/dL,FALSE
S0044,218.6,1998-04-13,Unknown,Site B,mg/dL,FALSE
S0045,223.2,1984-01-19,Male,Site B,mg/dL,FALSE
S0046,143.2,1967-02-21,Female,Site C,mg/dL,FALSE
S0047,2983.8,1977-06-21,Unknown,Site B,mg/dL,FALSE
S0048,1962.2,1978-04-23,Male,Site A,mg/dL,FALSE
S0049,166.1,2066-05-19,Male,Site C,mg/dL,FALSE
S0050,149.3,2001-02-20,Unknown,Site B,mg/dL,FALSE
S0051,216,2011-08-02,Male,Site A,mg/dL,FALSE
S0052,172.4,1989-09-20,Unknown,Site A,mg/dL,FALSE
S0053,2585.6,1999-07-10,Male,Site A,mg/dL,FALSE
S0054,168,2006-01-28,Unknown,Site A,mg/dL,FALSE
S0055,2884.7,2011-10-14,Unknown,Site A,mg/dL,FALSE
S0056,77.2,2010-06-30,Male,Site B,mg/dL,FALSE
S0057,88.8,1986-08-20,Female,Site C,mg/dL,FALSE
S0058,142.8,1972-08-23,Female,Site C,mg/dL,FALSE
S0059,2682.9,2068-06-19,Male,Site A,mg/dL,FALSE
S0060,186.6,1970-02-27,Unknown,Site A,mg/dL,FALSE
